vdjbase_name,airr_file,airr_repertoire_id
P1_I100_S1,P1_PRJEB26509.json,100_PRJEB26509_IGL
P1_I10_S1,P1_PRJEB26509.json,10_PRJEB26509_IGL
P1_I11_S1,P1_PRJEB26509.json,11_PRJEB26509_IGL
P1_I12_S1,P1_PRJEB26509.json,12_PRJEB26509_IGL
P1_I13_S1,P1_PRJEB26509.json,13_PRJEB26509_IGL
P1_I14_S1,P1_PRJEB26509.json,14_PRJEB26509_IGL
P1_I15_S1,P1_PRJEB26509.json,15_PRJEB26509_IGL
P1_I16_S1,P1_PRJEB26509.json,16_PRJEB26509_IGL
P1_I17_S1,P1_PRJEB26509.json,17_PRJEB26509_IGL
P1_I18_S1,P1_PRJEB26509.json,18_PRJEB26509_IGL
P1_I19_S1,P1_PRJEB26509.json,19_PRJEB26509_IGL
P1_I1_S1,P1_PRJEB26509.json,1_PRJEB26509_IGL
P1_I20_S1,P1_PRJEB26509.json,20_PRJEB26509_IGL
P1_I21_S1,P1_PRJEB26509.json,21_PRJEB26509_IGL
P1_I22_S1,P1_PRJEB26509.json,22_PRJEB26509_IGL
P1_I23_S1,P1_PRJEB26509.json,23_PRJEB26509_IGL
P1_I24_S1,P1_PRJEB26509.json,24_PRJEB26509_IGL
P1_I25_S1,P1_PRJEB26509.json,25_PRJEB26509_IGL
P1_I26_S1,P1_PRJEB26509.json,26_PRJEB26509_IGL
P1_I27_S1,P1_PRJEB26509.json,27_PRJEB26509_IGL
P1_I28_S1,P1_PRJEB26509.json,28_PRJEB26509_IGL
P1_I29_S1,P1_PRJEB26509.json,29_PRJEB26509_IGL
P1_I2_S1,P1_PRJEB26509.json,2_PRJEB26509_IGL
P1_I30_S1,P1_PRJEB26509.json,30_PRJEB26509_IGL
P1_I31_S1,P1_PRJEB26509.json,31_PRJEB26509_IGL
P1_I32_S1,P1_PRJEB26509.json,32_PRJEB26509_IGL
P1_I33_S1,P1_PRJEB26509.json,33_PRJEB26509_IGL
P1_I34_S1,P1_PRJEB26509.json,34_PRJEB26509_IGL
P1_I35_S1,P1_PRJEB26509.json,35_PRJEB26509_IGL
P1_I36_S1,P1_PRJEB26509.json,36_PRJEB26509_IGL
P1_I37_S1,P1_PRJEB26509.json,37_PRJEB26509_IGL
P1_I38_S1,P1_PRJEB26509.json,38_PRJEB26509_IGL
P1_I39_S1,P1_PRJEB26509.json,39_PRJEB26509_IGL
P1_I3_S1,P1_PRJEB26509.json,3_PRJEB26509_IGL
P1_I40_S1,P1_PRJEB26509.json,40_PRJEB26509_IGL
P1_I41_S1,P1_PRJEB26509.json,41_PRJEB26509_IGL
P1_I42_S1,P1_PRJEB26509.json,42_PRJEB26509_IGL
P1_I43_S1,P1_PRJEB26509.json,43_PRJEB26509_IGL
P1_I44_S1,P1_PRJEB26509.json,44_PRJEB26509_IGL
P1_I45_S1,P1_PRJEB26509.json,45_PRJEB26509_IGL
P1_I46_S1,P1_PRJEB26509.json,46_PRJEB26509_IGL
P1_I47_S1,P1_PRJEB26509.json,47_PRJEB26509_IGL
P1_I48_S1,P1_PRJEB26509.json,48_PRJEB26509_IGL
P1_I49_S1,P1_PRJEB26509.json,49_PRJEB26509_IGL
P1_I4_S1,P1_PRJEB26509.json,4_PRJEB26509_IGL
P1_I50_S1,P1_PRJEB26509.json,50_PRJEB26509_IGL
P1_I51_S1,P1_PRJEB26509.json,51_PRJEB26509_IGL
P1_I52_S1,P1_PRJEB26509.json,52_PRJEB26509_IGL
P1_I53_S1,P1_PRJEB26509.json,53_PRJEB26509_IGL
P1_I54_S1,P1_PRJEB26509.json,54_PRJEB26509_IGL
P1_I55_S1,P1_PRJEB26509.json,55_PRJEB26509_IGL
P1_I56_S1,P1_PRJEB26509.json,56_PRJEB26509_IGL
P1_I57_S1,P1_PRJEB26509.json,57_PRJEB26509_IGL
P1_I58_S1,P1_PRJEB26509.json,58_PRJEB26509_IGL
P1_I59_S1,P1_PRJEB26509.json,59_PRJEB26509_IGL
P1_I5_S1,P1_PRJEB26509.json,5_PRJEB26509_IGL
P1_I60_S1,P1_PRJEB26509.json,60_PRJEB26509_IGL
P1_I61_S1,P1_PRJEB26509.json,61_PRJEB26509_IGL
P1_I62_S1,P1_PRJEB26509.json,62_PRJEB26509_IGL
P1_I63_S1,P1_PRJEB26509.json,63_PRJEB26509_IGL
P1_I64_S1,P1_PRJEB26509.json,64_PRJEB26509_IGL
P1_I65_S1,P1_PRJEB26509.json,65_PRJEB26509_IGL
P1_I66_S1,P1_PRJEB26509.json,66_PRJEB26509_IGL
P1_I67_S1,P1_PRJEB26509.json,67_PRJEB26509_IGL
P1_I68_S1,P1_PRJEB26509.json,68_PRJEB26509_IGL
P1_I69_S1,P1_PRJEB26509.json,69_PRJEB26509_IGL
P1_I6_S1,P1_PRJEB26509.json,6_PRJEB26509_IGL
P1_I70_S1,P1_PRJEB26509.json,70_PRJEB26509_IGL
P1_I71_S1,P1_PRJEB26509.json,71_PRJEB26509_IGL
P1_I72_S1,P1_PRJEB26509.json,72_PRJEB26509_IGL
P1_I73_S1,P1_PRJEB26509.json,73_PRJEB26509_IGL
P1_I74_S1,P1_PRJEB26509.json,74_PRJEB26509_IGL
P1_I75_S1,P1_PRJEB26509.json,75_PRJEB26509_IGL
P1_I76_S1,P1_PRJEB26509.json,76_PRJEB26509_IGL
P1_I77_S1,P1_PRJEB26509.json,77_PRJEB26509_IGL
P1_I78_S1,P1_PRJEB26509.json,78_PRJEB26509_IGL
P1_I79_S1,P1_PRJEB26509.json,79_PRJEB26509_IGL
P1_I7_S1,P1_PRJEB26509.json,7_PRJEB26509_IGL
P1_I80_S1,P1_PRJEB26509.json,80_PRJEB26509_IGL
P1_I81_S1,P1_PRJEB26509.json,81_PRJEB26509_IGL
P1_I82_S1,P1_PRJEB26509.json,82_PRJEB26509_IGL
P1_I83_S1,P1_PRJEB26509.json,83_PRJEB26509_IGL
P1_I84_S1,P1_PRJEB26509.json,84_PRJEB26509_IGL
P1_I85_S1,P1_PRJEB26509.json,85_PRJEB26509_IGL
P1_I86_S1,P1_PRJEB26509.json,86_PRJEB26509_IGL
P1_I87_S1,P1_PRJEB26509.json,87_PRJEB26509_IGL
P1_I88_S1,P1_PRJEB26509.json,88_PRJEB26509_IGL
P1_I89_S1,P1_PRJEB26509.json,89_PRJEB26509_IGL
P1_I8_S1,P1_PRJEB26509.json,8_PRJEB26509_IGL
P1_I90_S1,P1_PRJEB26509.json,90_PRJEB26509_IGL
P1_I91_S1,P1_PRJEB26509.json,91_PRJEB26509_IGL
P1_I92_S1,P1_PRJEB26509.json,92_PRJEB26509_IGL
P1_I93_S1,P1_PRJEB26509.json,93_PRJEB26509_IGL
P1_I94_S1,P1_PRJEB26509.json,94_PRJEB26509_IGL
P1_I95_S1,P1_PRJEB26509.json,95_PRJEB26509_IGL
P1_I96_S1,P1_PRJEB26509.json,96_PRJEB26509_IGL
P1_I97_S1,P1_PRJEB26509.json,97_PRJEB26509_IGL
P1_I99_S1,P1_PRJEB26509.json,99_PRJEB26509_IGL
P1_I9_S1,P1_PRJEB26509.json,9_PRJEB26509_IGL
P35_I10_S1,P35_unpublished_PRJEB58016.json,I10_unpublished_PRJEB58016_IGL
P35_I11_S1,P35_unpublished_PRJEB58016.json,I11_unpublished_PRJEB58016_IGL
P35_I12_S1,P35_unpublished_PRJEB58016.json,I12_unpublished_PRJEB58016_IGL
P35_I13_S1,P35_unpublished_PRJEB58016.json,I13_unpublished_PRJEB58016_IGL
P35_I14_S1,P35_unpublished_PRJEB58016.json,I14_unpublished_PRJEB58016_IGL
P35_I15_S1,P35_unpublished_PRJEB58016.json,I15_unpublished_PRJEB58016_IGL
P35_I16_S1,P35_unpublished_PRJEB58016.json,I16_unpublished_PRJEB58016_IGL
P35_I17_S1,P35_unpublished_PRJEB58016.json,I17_unpublished_PRJEB58016_IGL
P35_I18_S1,P35_unpublished_PRJEB58016.json,I18_unpublished_PRJEB58016_IGL
P35_I19_S1,P35_unpublished_PRJEB58016.json,I19_unpublished_PRJEB58016_IGL
P35_I1_S1,P35_unpublished_PRJEB58016.json,I1_unpublished_PRJEB58016_IGL
P35_I20_S1,P35_unpublished_PRJEB58016.json,I20_unpublished_PRJEB58016_IGL
P35_I21_S1,P35_unpublished_PRJEB58016.json,I21_unpublished_PRJEB58016_IGL
P35_I22_S1,P35_unpublished_PRJEB58016.json,I22_unpublished_PRJEB58016_IGL
P35_I23_S1,P35_unpublished_PRJEB58016.json,I23_unpublished_PRJEB58016_IGL
P35_I24_S1,P35_unpublished_PRJEB58016.json,I24_unpublished_PRJEB58016_IGL
P35_I25_S1,P35_unpublished_PRJEB58016.json,I25_unpublished_PRJEB58016_IGL
P35_I26_S1,P35_unpublished_PRJEB58016.json,I26_unpublished_PRJEB58016_IGL
P35_I28_S1,P35_unpublished_PRJEB58016.json,I28_unpublished_PRJEB58016_IGL
P35_I29_S1,P35_unpublished_PRJEB58016.json,I29_unpublished_PRJEB58016_IGL
P35_I2_S1,P35_unpublished_PRJEB58016.json,I2_unpublished_PRJEB58016_IGL
P35_I30_S1,P35_unpublished_PRJEB58016.json,I30_unpublished_PRJEB58016_IGL
P35_I31_S1,P35_unpublished_PRJEB58016.json,I31_unpublished_PRJEB58016_IGL
P35_I32_S1,P35_unpublished_PRJEB58016.json,I32_unpublished_PRJEB58016_IGL
P35_I33_S1,P35_unpublished_PRJEB58016.json,I33_unpublished_PRJEB58016_IGL
P35_I34_S1,P35_unpublished_PRJEB58016.json,I34_unpublished_PRJEB58016_IGL
P35_I35_S1,P35_unpublished_PRJEB58016.json,I35_unpublished_PRJEB58016_IGL
P35_I36_S1,P35_unpublished_PRJEB58016.json,I36_unpublished_PRJEB58016_IGL
P35_I37_S1,P35_unpublished_PRJEB58016.json,I37_unpublished_PRJEB58016_IGL
P35_I38_S1,P35_unpublished_PRJEB58016.json,I38_unpublished_PRJEB58016_IGL
P35_I39_S1,P35_unpublished_PRJEB58016.json,I39_unpublished_PRJEB58016_IGL
P35_I3_S1,P35_unpublished_PRJEB58016.json,I3_unpublished_PRJEB58016_IGL
P35_I40_S1,P35_unpublished_PRJEB58016.json,I40_unpublished_PRJEB58016_IGL
P35_I41_S1,P35_unpublished_PRJEB58016.json,I41_unpublished_PRJEB58016_IGL
P35_I42_S1,P35_unpublished_PRJEB58016.json,I42_unpublished_PRJEB58016_IGL
P35_I43_S1,P35_unpublished_PRJEB58016.json,I43_unpublished_PRJEB58016_IGL
P35_I4_S1,P35_unpublished_PRJEB58016.json,I4_unpublished_PRJEB58016_IGL
P35_I5_S1,P35_unpublished_PRJEB58016.json,I5_unpublished_PRJEB58016_IGL
P35_I6_S1,P35_unpublished_PRJEB58016.json,I6_unpublished_PRJEB58016_IGL
P35_I7_S1,P35_unpublished_PRJEB58016.json,I7_unpublished_PRJEB58016_IGL
P35_I8_S1,P35_unpublished_PRJEB58016.json,I8_unpublished_PRJEB58016_IGL
P35_I9_S1,P35_unpublished_PRJEB58016.json,I9_unpublished_PRJEB58016_IGL
P17_I1_S1,P17_PRJCA002413.json,PRJCA002413-ERS1-IGL
P17_I2_S1,P17_PRJCA002413.json,PRJCA002413-ERS2-IGL
P17_I3_S1,P17_PRJCA002413.json,PRJCA002413-ERS3-IGL
P17_I4_S1,P17_PRJCA002413.json,PRJCA002413-ERS4-IGL
P17_I5_S1,P17_PRJCA002413.json,PRJCA002413-ERS5-IGL
P17_I6_S1,P17_PRJCA002413.json,PRJCA002413-Healthy_Control_1-IGL
P17_I7_S1,P17_PRJCA002413.json,PRJCA002413-Healthy_Control_2-IGL
P17_I8_S1,P17_PRJCA002413.json,PRJCA002413-Healthy_Control_3-IGL
P17_I9_S1,P17_PRJCA002413.json,PRJCA002413-Healthy_Control_4-IGL
P17_I10_S1,P17_PRJCA002413.json,PRJCA002413-Healthy_Control_5-IGL
P17_I11_S1,P17_PRJCA002413.json,PRJCA002413-LRS1-IGL
P17_I12_S1,P17_PRJCA002413.json,PRJCA002413-LRS2-IGL
P17_I13_S1,P17_PRJCA002413.json,PRJCA002413-LRS3-IGL
P17_I14_S1,P17_PRJCA002413.json,PRJCA002413-LRS4-IGL
P17_I15_S1,P17_PRJCA002413.json,PRJCA002413-LRS5-IGL
P28_I100_S1,P28_PRJNA555323.json,P28_I100_S1_PRJNA555323_IGL
P28_I103_S1,P28_PRJNA555323.json,P28_I103_S1_PRJNA555323_IGL
P28_I104_S1,P28_PRJNA555323.json,P28_I104_S1_PRJNA555323_IGL
P28_I105_S1,P28_PRJNA555323.json,P28_I105_S1_PRJNA555323_IGL
P28_I106_S1,P28_PRJNA555323.json,P28_I106_S1_PRJNA555323_IGL
P28_I107_S1,P28_PRJNA555323.json,P28_I107_S1_PRJNA555323_IGL
P28_I108_S1,P28_PRJNA555323.json,P28_I108_S1_PRJNA555323_IGL
P28_I109_S1,P28_PRJNA555323.json,P28_I109_S1_PRJNA555323_IGL
P28_I10_S1,P28_PRJNA555323.json,P28_I10_S1_PRJNA555323_IGL
P28_I110_S1,P28_PRJNA555323.json,P28_I110_S1_PRJNA555323_IGL
P28_I111_S1,P28_PRJNA555323.json,P28_I111_S1_PRJNA555323_IGL
P28_I112_S1,P28_PRJNA555323.json,P28_I112_S1_PRJNA555323_IGL
P28_I113_S1,P28_PRJNA555323.json,P28_I113_S1_PRJNA555323_IGL
P28_I115_S1,P28_PRJNA555323.json,P28_I115_S1_PRJNA555323_IGL
P28_I116_S1,P28_PRJNA555323.json,P28_I116_S1_PRJNA555323_IGL
P28_I117_S1,P28_PRJNA555323.json,P28_I117_S1_PRJNA555323_IGL
P28_I118_S1,P28_PRJNA555323.json,P28_I118_S1_PRJNA555323_IGL
P28_I119_S1,P28_PRJNA555323.json,P28_I119_S1_PRJNA555323_IGL
P28_I11_S1,P28_PRJNA555323.json,P28_I11_S1_PRJNA555323_IGL
P28_I120_S1,P28_PRJNA555323.json,P28_I120_S1_PRJNA555323_IGL
P28_I121_S1,P28_PRJNA555323.json,P28_I121_S1_PRJNA555323_IGL
P28_I123_S1,P28_PRJNA555323.json,P28_I123_S1_PRJNA555323_IGL
P28_I124_S1,P28_PRJNA555323.json,P28_I124_S1_PRJNA555323_IGL
P28_I125_S1,P28_PRJNA555323.json,P28_I125_S1_PRJNA555323_IGL
P28_I127_S1,P28_PRJNA555323.json,P28_I127_S1_PRJNA555323_IGL
P28_I128_S1,P28_PRJNA555323.json,P28_I128_S1_PRJNA555323_IGL
P28_I129_S1,P28_PRJNA555323.json,P28_I129_S1_PRJNA555323_IGL
P28_I130_S1,P28_PRJNA555323.json,P28_I130_S1_PRJNA555323_IGL
P28_I131_S1,P28_PRJNA555323.json,P28_I131_S1_PRJNA555323_IGL
P28_I132_S1,P28_PRJNA555323.json,P28_I132_S1_PRJNA555323_IGL
P28_I133_S1,P28_PRJNA555323.json,P28_I133_S1_PRJNA555323_IGL
P28_I134_S1,P28_PRJNA555323.json,P28_I134_S1_PRJNA555323_IGL
P28_I138_S1,P28_PRJNA555323.json,P28_I138_S1_PRJNA555323_IGL
P28_I139_S1,P28_PRJNA555323.json,P28_I139_S1_PRJNA555323_IGL
P28_I140_S1,P28_PRJNA555323.json,P28_I140_S1_PRJNA555323_IGL
P28_I141_S1,P28_PRJNA555323.json,P28_I141_S1_PRJNA555323_IGL
P28_I142_S1,P28_PRJNA555323.json,P28_I142_S1_PRJNA555323_IGL
P28_I143_S1,P28_PRJNA555323.json,P28_I143_S1_PRJNA555323_IGL
P28_I145_S1,P28_PRJNA555323.json,P28_I145_S1_PRJNA555323_IGL
P28_I146_S1,P28_PRJNA555323.json,P28_I146_S1_PRJNA555323_IGL
P28_I147_S1,P28_PRJNA555323.json,P28_I147_S1_PRJNA555323_IGL
P28_I149_S1,P28_PRJNA555323.json,P28_I149_S1_PRJNA555323_IGL
P28_I14_S1,P28_PRJNA555323.json,P28_I14_S1_PRJNA555323_IGL
P28_I151_S1,P28_PRJNA555323.json,P28_I151_S1_PRJNA555323_IGL
P28_I152_S1,P28_PRJNA555323.json,P28_I152_S1_PRJNA555323_IGL
P28_I154_S1,P28_PRJNA555323.json,P28_I154_S1_PRJNA555323_IGL
P28_I155_S1,P28_PRJNA555323.json,P28_I155_S1_PRJNA555323_IGL
P28_I156_S1,P28_PRJNA555323.json,P28_I156_S1_PRJNA555323_IGL
P28_I157_S1,P28_PRJNA555323.json,P28_I157_S1_PRJNA555323_IGL
P28_I158_S1,P28_PRJNA555323.json,P28_I158_S1_PRJNA555323_IGL
P28_I159_S1,P28_PRJNA555323.json,P28_I159_S1_PRJNA555323_IGL
P28_I160_S1,P28_PRJNA555323.json,P28_I160_S1_PRJNA555323_IGL
P28_I161_S1,P28_PRJNA555323.json,P28_I161_S1_PRJNA555323_IGL
P28_I162_S1,P28_PRJNA555323.json,P28_I162_S1_PRJNA555323_IGL
P28_I163_S1,P28_PRJNA555323.json,P28_I163_S1_PRJNA555323_IGL
P28_I164_S1,P28_PRJNA555323.json,P28_I164_S1_PRJNA555323_IGL
P28_I165_S1,P28_PRJNA555323.json,P28_I165_S1_PRJNA555323_IGL
P28_I166_S1,P28_PRJNA555323.json,P28_I166_S1_PRJNA555323_IGL
P28_I167_S1,P28_PRJNA555323.json,P28_I167_S1_PRJNA555323_IGL
P28_I168_S1,P28_PRJNA555323.json,P28_I168_S1_PRJNA555323_IGL
P28_I169_S1,P28_PRJNA555323.json,P28_I169_S1_PRJNA555323_IGL
P28_I16_S1,P28_PRJNA555323.json,P28_I16_S1_PRJNA555323_IGL
P28_I170_S1,P28_PRJNA555323.json,P28_I170_S1_PRJNA555323_IGL
P28_I171_S1,P28_PRJNA555323.json,P28_I171_S1_PRJNA555323_IGL
P28_I173_S1,P28_PRJNA555323.json,P28_I173_S1_PRJNA555323_IGL
P28_I174_S1,P28_PRJNA555323.json,P28_I174_S1_PRJNA555323_IGL
P28_I175_S1,P28_PRJNA555323.json,P28_I175_S1_PRJNA555323_IGL
P28_I176_S1,P28_PRJNA555323.json,P28_I176_S1_PRJNA555323_IGL
P28_I17_S1,P28_PRJNA555323.json,P28_I17_S1_PRJNA555323_IGL
P28_I18_S1,P28_PRJNA555323.json,P28_I18_S1_PRJNA555323_IGL
P28_I19_S1,P28_PRJNA555323.json,P28_I19_S1_PRJNA555323_IGL
P28_I1_S1,P28_PRJNA555323.json,P28_I1_S1_PRJNA555323_IGL
P28_I20_S1,P28_PRJNA555323.json,P28_I20_S1_PRJNA555323_IGL
P28_I21_S1,P28_PRJNA555323.json,P28_I21_S1_PRJNA555323_IGL
P28_I22_S1,P28_PRJNA555323.json,P28_I22_S1_PRJNA555323_IGL
P28_I23_S1,P28_PRJNA555323.json,P28_I23_S1_PRJNA555323_IGL
P28_I24_S1,P28_PRJNA555323.json,P28_I24_S1_PRJNA555323_IGL
P28_I25_S1,P28_PRJNA555323.json,P28_I25_S1_PRJNA555323_IGL
P28_I26_S1,P28_PRJNA555323.json,P28_I26_S1_PRJNA555323_IGL
P28_I27_S1,P28_PRJNA555323.json,P28_I27_S1_PRJNA555323_IGL
P28_I28_S1,P28_PRJNA555323.json,P28_I28_S1_PRJNA555323_IGL
P28_I29_S1,P28_PRJNA555323.json,P28_I29_S1_PRJNA555323_IGL
P28_I2_S1,P28_PRJNA555323.json,P28_I2_S1_PRJNA555323_IGL
P28_I30_S1,P28_PRJNA555323.json,P28_I30_S1_PRJNA555323_IGL
P28_I32_S1,P28_PRJNA555323.json,P28_I32_S1_PRJNA555323_IGL
P28_I34_S1,P28_PRJNA555323.json,P28_I34_S1_PRJNA555323_IGL
P28_I36_S1,P28_PRJNA555323.json,P28_I36_S1_PRJNA555323_IGL
P28_I37_S1,P28_PRJNA555323.json,P28_I37_S1_PRJNA555323_IGL
P28_I39_S1,P28_PRJNA555323.json,P28_I39_S1_PRJNA555323_IGL
P28_I40_S1,P28_PRJNA555323.json,P28_I40_S1_PRJNA555323_IGL
P28_I41_S1,P28_PRJNA555323.json,P28_I41_S1_PRJNA555323_IGL
P28_I44_S1,P28_PRJNA555323.json,P28_I44_S1_PRJNA555323_IGL
P28_I45_S1,P28_PRJNA555323.json,P28_I45_S1_PRJNA555323_IGL
P28_I46_S1,P28_PRJNA555323.json,P28_I46_S1_PRJNA555323_IGL
P28_I48_S1,P28_PRJNA555323.json,P28_I48_S1_PRJNA555323_IGL
P28_I49_S1,P28_PRJNA555323.json,P28_I49_S1_PRJNA555323_IGL
P28_I50_S1,P28_PRJNA555323.json,P28_I50_S1_PRJNA555323_IGL
P28_I51_S1,P28_PRJNA555323.json,P28_I51_S1_PRJNA555323_IGL
P28_I52_S1,P28_PRJNA555323.json,P28_I52_S1_PRJNA555323_IGL
P28_I53_S1,P28_PRJNA555323.json,P28_I53_S1_PRJNA555323_IGL
P28_I54_S1,P28_PRJNA555323.json,P28_I54_S1_PRJNA555323_IGL
P28_I57_S1,P28_PRJNA555323.json,P28_I57_S1_PRJNA555323_IGL
P28_I58_S1,P28_PRJNA555323.json,P28_I58_S1_PRJNA555323_IGL
P28_I59_S1,P28_PRJNA555323.json,P28_I59_S1_PRJNA555323_IGL
P28_I5_S1,P28_PRJNA555323.json,P28_I5_S1_PRJNA555323_IGL
P28_I60_S1,P28_PRJNA555323.json,P28_I60_S1_PRJNA555323_IGL
P28_I61_S1,P28_PRJNA555323.json,P28_I61_S1_PRJNA555323_IGL
P28_I63_S1,P28_PRJNA555323.json,P28_I63_S1_PRJNA555323_IGL
P28_I64_S1,P28_PRJNA555323.json,P28_I64_S1_PRJNA555323_IGL
P28_I65_S1,P28_PRJNA555323.json,P28_I65_S1_PRJNA555323_IGL
P28_I66_S1,P28_PRJNA555323.json,P28_I66_S1_PRJNA555323_IGL
P28_I67_S1,P28_PRJNA555323.json,P28_I67_S1_PRJNA555323_IGL
P28_I68_S1,P28_PRJNA555323.json,P28_I68_S1_PRJNA555323_IGL
P28_I69_S1,P28_PRJNA555323.json,P28_I69_S1_PRJNA555323_IGL
P28_I6_S1,P28_PRJNA555323.json,P28_I6_S1_PRJNA555323_IGL
P28_I70_S1,P28_PRJNA555323.json,P28_I70_S1_PRJNA555323_IGL
P28_I71_S1,P28_PRJNA555323.json,P28_I71_S1_PRJNA555323_IGL
P28_I72_S1,P28_PRJNA555323.json,P28_I72_S1_PRJNA555323_IGL
P28_I73_S1,P28_PRJNA555323.json,P28_I73_S1_PRJNA555323_IGL
P28_I74_S1,P28_PRJNA555323.json,P28_I74_S1_PRJNA555323_IGL
P28_I75_S1,P28_PRJNA555323.json,P28_I75_S1_PRJNA555323_IGL
P28_I76_S1,P28_PRJNA555323.json,P28_I76_S1_PRJNA555323_IGL
P28_I77_S1,P28_PRJNA555323.json,P28_I77_S1_PRJNA555323_IGL
P28_I78_S1,P28_PRJNA555323.json,P28_I78_S1_PRJNA555323_IGL
P28_I79_S1,P28_PRJNA555323.json,P28_I79_S1_PRJNA555323_IGL
P28_I7_S1,P28_PRJNA555323.json,P28_I7_S1_PRJNA555323_IGL
P28_I81_S1,P28_PRJNA555323.json,P28_I81_S1_PRJNA555323_IGL
P28_I82_S1,P28_PRJNA555323.json,P28_I82_S1_PRJNA555323_IGL
P28_I83_S1,P28_PRJNA555323.json,P28_I83_S1_PRJNA555323_IGL
P28_I85_S1,P28_PRJNA555323.json,P28_I85_S1_PRJNA555323_IGL
P28_I86_S1,P28_PRJNA555323.json,P28_I86_S1_PRJNA555323_IGL
P28_I87_S1,P28_PRJNA555323.json,P28_I87_S1_PRJNA555323_IGL
P28_I88_S1,P28_PRJNA555323.json,P28_I88_S1_PRJNA555323_IGL
P28_I89_S1,P28_PRJNA555323.json,P28_I89_S1_PRJNA555323_IGL
P28_I90_S1,P28_PRJNA555323.json,P28_I90_S1_PRJNA555323_IGL
P28_I91_S1,P28_PRJNA555323.json,P28_I91_S1_PRJNA555323_IGL
P28_I92_S1,P28_PRJNA555323.json,P28_I92_S1_PRJNA555323_IGL
P28_I93_S1,P28_PRJNA555323.json,P28_I93_S1_PRJNA555323_IGL
P28_I94_S1,P28_PRJNA555323.json,P28_I94_S1_PRJNA555323_IGL
P28_I95_S1,P28_PRJNA555323.json,P28_I95_S1_PRJNA555323_IGL
P28_I96_S1,P28_PRJNA555323.json,P28_I96_S1_PRJNA555323_IGL
P28_I97_S1,P28_PRJNA555323.json,P28_I97_S1_PRJNA555323_IGL
P28_I98_S1,P28_PRJNA555323.json,P28_I98_S1_PRJNA555323_IGL
P28_I99_S1,P28_PRJNA555323.json,P28_I99_S1_PRJNA555323_IGL
P28_I9_S1,P28_PRJNA555323.json,P28_I9_S1_PRJNA555323_IGL
