gene	alleles	counts	total	note	kh	kd	kt	kq	k_diff	GENOTYPED_ALLELES	Freq_by_Seq	Freq_by_Clone
TRBV1	ap01	575	575	NA	0.974145963220327	-124.945988830608	-224.159926347951	-1000	125.920134793828	ap01	575	575
TRBV10-1	ap01	2864	2864	NA	3.73927362280673	-58.9799030814584	-108.39707126401	-165.0500009697	62.7191767042652	ap01	2864	2864
TRBV10-2	ap01	1561	1561	NA	4.61244041754962	-29.5721387847402	-56.5065659959702	-87.3847864116762	34.1845792022898	ap01	1561	1561
TRBV10-3	ap01	3189	3189	NA	3.46525913076888	-66.3711425835822	-121.396055060592	-184.477826300622	69.8364017143511	ap01	3189	3189
TRBV11-1	ap01	294	294	NA	3.67655231460978	-60.7069600843217	-111.435477701885	-169.591767274067	64.3835123989314	ap01	294	294
TRBV11-2	ap01	5150	5150	NA	1.59380776365553	-111.18683470386	-200.048013523742	-301.920425529434	112.780642467516	ap01	5150	5150
TRBV11-3	ap01	2082	2082	NA	4.32125708528924	-41.2727812870153	-77.196853967208	-118.381001888733	45.5940383723045	ap01	2082	2082
TRBV12-1	ap01	215	215	NA	4.27629739263439	-42.8068834433189	-79.9042687758906	-122.433528156908	47.0831808359533	ap01	215	215
TRBV12-2	ap01	487	487	NA	1.87719755479557	-104.771681827108	-188.80157325484	-285.135291015563	106.648879381903	ap01	487	487
TRBV12-5	ap01	1275	1275	NA	-6.88918360760359	-286.103395541745	-1000	-1000	279.214211934141	ap01	1275	1275
TRBV12-34	ap01	8413	8413	NA	-1.9166308984352	-186.154212467214	-1000	-1000	184.237581568779	ap01	8413	8413
TRBV13	ap01	1508	1508	NA	4.63538706143095	-28.3885369853679	-54.4084705116554	-84.2382952309922	33.0239240467988	ap01	1508	1508
TRBV14	ap01	2666	2666	NA	3.89830199868952	-54.4848422378925	-100.485600050282	-153.221881682743	58.383144236582	ap01	2666	2666
TRBV15	ap02	3154	3154	NA	3.49546253252012	-65.5744687961294	-119.995470349121	-182.384904808529	69.0699313286496	ap02	3154	3154
TRBV16	ap01	146	146	NA	4.6548183531993	-27.3179463074945	-52.5096591379851	-81.3899934153271	31.9727646606938	ap01	146	146
TRBV18	ap01	5182	5182	NA	1.56116890823027	-111.920246483356	-201.333572433768	-303.838978067457	113.481415391586	ap01	5182	5182
TRBV19	ap01	13457	13457	NA	-7.71771254907317	-302.414626274386	-1000	-1000	294.696913725313	ap01	13457	13457
TRBV2	ap01	9210	9210	NA	-2.81211564706317	-204.503322855961	-1000	-1000	201.691207208897	ap01	9210	9210
TRBV20-1	ap01,ap02	7951,1064	9015	NA	-75.1278002580623	-77.6477703806007	-220.84869399314	-1000	2.51997012253842	ap01	7951	7951
TRBV21-1	ap01	3549	3549	NA	3.14615967267229	-74.5739374374664	-135.810505132953	-206.013454687944	77.7200971101386	ap01	3549	3549
TRBV23-1	ap01	1256	1256	NA	-6.66718703936596	-281.720559736842	-1000	-1000	275.053372697476	ap01	1256	1256
TRBV24-1	ap01	8150	8150	NA	-1.62358637669466	-180.101690475773	-320.726431746499	-1000	178.478104099079	ap01	8150	8150
TRBV25-1	ap01	3344	3344	NA	3.32968285505243	-69.9010877102628	-127.600462850784	-193.748296976422	73.2307705653152	ap01	3344	3344
TRBV27	ap01	14419	14419	NA	4.66179436887292	-26.9145956066438	-51.7940002164276	-80.3162974729341	31.5763899755167	ap01	14419	14419
TRBV28	ap01	20819	20819	NA	4.32132221949743	-41.2705262374193	-77.1928734578292	-118.375043274266	45.5918484569168	ap01	20819	20819
TRBV29-1	ap01,ap02	6449,1154	7603	NA	-93.1192815263176	-48.2316678148427	-166.024517691641	-309.901899016531	44.887613711475	ap01,ap02	6449;1154	6449;1154
TRBV3-12	ap01	8515	8515	NA	-2.03062865681967	-188.501923921072	-1000	-1000	186.471295264252	ap01	8515	8515
TRBV30	ap01,ap03,ap02	4168,561,339	5068	NA	-52.2740068297976	-53.0725058279382	-80.1906771523617	-170.566662670792	0.798498998140587	ap01	4168	4168
TRBV4-1	ap01	9492	9492	NA	-3.13138262308534	-210.99815122535	-1000	-1000	207.866768602264	ap01	9492	9492
TRBV4-2	ap01,ap02	2509,25	2534	NA	4.47435885173403	-46.4386585843302	-89.8716479274311	-139.855627454526	50.9130174360643	ap01	2509	2509
TRBV5-1	ap01	19645	19645	NA	4.39567665631628	-38.6252111354187	-72.5218685706918	-111.381743014417	43.020887791735	ap01	19645	19645
TRBV5-3	ap01	516	516	NA	1.58361345436064	-111.416020551927	-200.449745350099	-302.519967864541	112.999634006288	ap01	516	516
TRBV5-4	ap01	5102	5102	NA	1.6426722606524	-110.086810820759	-198.119768944843	-299.042690508541	111.729483081411	ap01	5102	5102
TRBV5-5	ap01	1531	1531	NA	4.62561541907374	-28.9019891669004	-55.3187784432573	-85.6035673327166	33.5276045859742	ap01	1531	1531
TRBV5-6	ap01	5103	5103	NA	1.64165540997852	-110.10972682531	-198.159939547223	-299.102642161796	111.751382235288	ap01	5103	5103
TRBV5-7	ap01	137	137	NA	4.6874826466227	-25.3143581651243	-48.9531571909956	-76.0531968895973	30.001840811747	ap01	137	137
TRBV5-8	ap01	1377	1377	NA	-8.08568394557408	-309.637032834447	-1000	-1000	301.551348888873	ap01	1377	1377
TRBV6-1	ap01	6563	6563	NA	0.112407594874598	-143.611739301107	-256.853664853511	-1000	143.724146895982	ap01	6563	6563
TRBV6-4	ap01	2708	2708	NA	3.86512700040873	-55.4377816990152	-102.163232620227	-155.730318389433	59.3029086994239	ap01	2708	2708
TRBV6-7	ap01	306	306	NA	3.57578612346439	-63.4356247407295	-116.234694097785	-176.764709774954	67.0114108641939	ap01	306	306
TRBV6-8	ap01	163	163	NA	4.58038550117124	-31.1152353186445	-59.2402297800826	-91.4833427061562	35.6956208198157	ap01	163	163
TRBV6-9	ap01	241	241	NA	4.09322777652838	-48.6837330674936	-90.2673138356322	-137.939646444121	52.776960844022	ap01	241	241
TRBV6-23	ap01	3231	3231	NA	3.42881074107033	-67.3273554361227	-123.076961021955	-186.98953639873	70.756166177193	ap01	3231	3231
TRBV6-56	ap01,ap02,ap03	8945,2732,34	11711	NA	-276.320440981844	-31.5958227574546	-196.55799740189	-1000	164.962174644436	ap01,ap02	8945;2732	8945;2732
TRBV7-1	ap01_T296C	11	11	NA	3.19942101335518	0.790514086864551	-1.10749167433679	-3.28340727057489	2.40890692649063	ap01_T296C	11	11
TRBV7-2	ap01,ap02	3977,1	3978	NA	2.829948548364	-84.1017080355389	-152.728891737477	-231.412263982202	86.9316565839029	ap01	3977	3977
TRBV7-3	ap01,ap03	2431,678	3109	NA	-62.8066943786823	-6.6967919685272	-52.4721552246529	-110.142006461115	45.7753632561257	ap01,ap03	2431;678	2431;678
TRBV7-4	ap01	278	278	NA	3.80754214103469	-57.0721056375467	-105.039887602453	-160.031209034653	60.8796477785814	ap01	278	278
TRBV7-6	ap01	2353	2353	NA	4.13476001624896	-47.3939490567734	-87.9940177486531	-134.538830457273	51.5287090730223	ap01	2353	2353
TRBV7-7	ap01_C315T,ap01	950,6	956	NA	-0.215883714004407	-198.581142406968	-1000	-1000	198.365258692963	ap01_C315T	950	950
TRBV7-8	ap01,ap03	1933,802	2735	NA	-86.314829981927	0.699370882392218	-37.1835714686505	-86.7549408640931	37.8829423510427	ap01,ap03	1933;802	1933;802
TRBV7-9	ap01,ap02,ap03,ap02_G313T	9564,370,82,27	10058	NA	-5.02114893007091	-154.791653912863	-310.301656267285	-1000	149.770504982792	ap01	9564	9564
TRBV9	ap01	7313	7313	NA	-0.700416134611579	-160.848928438484	-287.031802362715	-1000	160.148512303873	ap01	7313	7313
TRBV4-3	NA	NA	NA	NA	NA	NA	NA	NA	1000	Deletion	NA	NA
TRBD1	01	22356	22356	NA	4.21789071076461	-44.7398576970759	-83.3142366038189	-127.536753939727	48.9577484078405	01	22356	22356
TRBD2	02,01	17706,2673	20379	NA	-209.38932607107	-166.038619719367	-1000	-1000	43.3507063517024	02	17706	17706
TRBJ1-1	01	36070	36070	NA	3.09343340372591	-75.8968146312896	-138.134149000865	-209.484399506599	78.9902480350155	01	36070	36070
TRBJ1-2	01	26318	26318	NA	3.92508103830608	-53.7091121356761	-99.1197627023098	-151.17953239485	57.6341931739822	01	26318	26318
TRBJ1-3	01	7794	7794	NA	-1.22908641388681	-171.911091732687	-306.393427212717	-1000	170.6820053188	01	7794	7794
TRBJ1-4	01	11637	11637	NA	-5.59315420132036	-260.433607870152	-1000	-1000	254.840453668832	01	11637	11637
TRBJ1-5	01	21089	21089	NA	4.30362979571697	-41.8794958158839	-78.2677171776795	-119.983975367739	46.1831256116009	01	21089	21089
TRBJ1-6	02,01	2527,0	2527	NA	4.00576645428365	-51.3333953933693	-94.935764107513	-144.922479668364	55.339161847653	02	2527	2527
TRBJ2-1	01	35503	35503	NA	3.14498160551094	-74.6035844046681	-135.862583077333	-206.091247998461	77.748566010179	01	35503	35503
TRBJ2-2	01	17524	17524	NA	4.5180265619479	-33.8580506924356	-64.0950079281559	-98.7593214813162	38.3760772543835	01	17524	17524
TRBJ2-3	01	22915	22915	NA	4.17872666698324	-46.0031844425921	-85.5420953679819	-130.870373447796	50.1819111095753	01	22915	22915
TRBJ2-4	01	3740	3740	NA	2.97128535982584	-78.9315501408556	-143.463746021701	-217.444876293797	81.9028355006815	01	3740	3740
TRBJ2-5	01	19656	19656	NA	4.39500033505931	-38.6499765259406	-72.5656140188257	-111.447247618513	43.0449768609999	01	19656	19656
TRBJ2-6	01	4699	4699	NA	2.04819538576817	-100.855928683136	-181.935283882092	-274.886441943208	102.904124068904	01	4699	4699
TRBJ2-7	01,02	58556,23	58579	NA	1.07737391988659	-126.784371236327	-227.833384996293	-1000	127.861745156214	01	58556	58556
TRBJ2-2P	01	8	8	NA	2.89393947046845	1.14200716029344	-0.238360666034807	-1.82084473602615	1.751932310175	01	8	8
