vdjbase_name,airr_file,airr_repertoire_id,airr_subject_id,vdjbase_age,vdjbase_sex,miairr_age,miairr_sex,repertoire_id_combine
P29_I1_S1,P29_PRJNA747292.json,HPV15,,,,,,2140418393102619116-242ac114-0001-012; 2138528611787346412-242ac114-0001-012
P29_I2_S1,P29_PRJNA747292.json,HPV34,,,,,,2121133989943579116-242ac114-0001-012; 2145830051895579116-242ac114-0001-012; 2140504292448539116-242ac114-0001-012; 2130110471592219116-242ac114-0001-012; 2140547242121499116-242ac114-0001-012; 2121305792930386412-242ac114-0001-012; 2127447591868699116-242ac114-0001-012; 2139602349316379116-242ac114-0001-012; 2125772554623259116-242ac114-0001-012; 2140590191794459116-242ac114-0001-012; 2132257955240219116-242ac114-0001-012; 2130969465051419116-242ac114-0001-012; 2121005140924699116-242ac114-0001-012; 2121091040270619116-242ac114-0001-012; 2118471110220059116-242ac114-0001-012
P29_I3_S1,P29_PRJNA747292.json,HPV37,,,,,,2121219889289499116-242ac114-0001-012
P29_I4_S1,P29_PRJNA747292.json,HPV42,,,,,,2141706883291419116-242ac114-0001-012; 2132172055894299116-242ac114-0001-012; 2138356813095506412-242ac114-0001-012
P29_I5_S1,P29_PRJNA747292.json,HPV51,,,,,,2133975942158619116-242ac114-0001-012; 2122121836716626412-242ac114-0001-012; 2142737675442459116-242ac114-0001-012; 2121305788635419116-242ac114-0001-012; 2122121832421659116-242ac114-0001-012; 2131742559164699116-242ac114-0001-012; 2141148537542939116-242ac114-0001-012; 2120962191251739116-242ac114-0001-012; 2140332493756699116-242ac114-0001-012; 2145744152549659116-242ac114-0001-012; 2138356808800539116-242ac114-0001-012; 2127490541541659116-242ac114-0001-012; 2143467819882779116-242ac114-0001-012; 2122508379478299116-242ac114-0001-012; 2138528607492379116-242ac114-0001-012
P29_I6_S1,P29_PRJNA747292.json,HPV7,,,,,,2122766077516059116-242ac114-0001-012; 2120661543541019116-242ac114-0001-012; 2140847889832219116-242ac114-0001-012; 2120704493213979116-242ac114-0001-012; 2131484861126939116-242ac114-0001-012; 2131141263743259116-242ac114-0001-012; 2152916747933979116-242ac114-0001-012; 2120833342232859116-242ac114-0001-012; 2143682568247579116-242ac114-0001-012; 2131055364397339116-242ac114-0001-012; 2138399758473499116-242ac114-0001-012; 2143854366939419116-242ac114-0001-012; 2139645298989339116-242ac114-0001-012; 2140933789178139116-242ac114-0001-012; 2130325219957019116-242ac114-0001-012
P30_I1_S1,P30_PRJNA472381.json,BC09,,65,,65,female,1322487018958548500-242ac114-0001-012;1323388962090708500-242ac114-0001-012;1322615867977428500-242ac114-0001-012;1322572918304468500-242ac114-0001-012
P30_I2_S1,P30_PRJNA472381.json,BC10,,73,,73,female,1325622345084628500-242ac114-0001-012;1323431911763668500-242ac114-0001-012
P30_I3_S1,P30_PRJNA472381.json,BC11,,50,,50,female,1322444069285588500-242ac114-0001-012;1322701767323348500-242ac114-0001-012;1323474861436628500-242ac114-0001-012;1322143421574868500-242ac114-0001-012
P31_I1_S1,P31_PRJNA509910.json,su001,,,,,,"PRJNA509910-su001_post-TRB, PRJNA509910-su001_post-TRB-CLONE, PRJNA509910-su001_pre1-TRB, PRJNA509910-su001_pre1-TRB-CLONE, PRJNA509910-su001_pre2-TRB, PRJNA509910-su001_pre2-TRB-CLONE"
P31_I2_S1,P31_PRJNA509910.json,su002,,,,,,"PRJNA509910-su002_post-TRB, PRJNA509910-su002_post-TRB-CLONE, PRJNA509910-su002_pre-TRB, PRJNA509910-su002_pre-TRB-CLONE"
P31_I3_S1,P31_PRJNA509910.json,su003,,,,,,"PRJNA509910-su003_post-TRB, PRJNA509910-su003_post-TRB-CLONE, PRJNA509910-su003_pre-TRB, PRJNA509910-su003_pre-TRB-CLONE"
P31_I4_S1,P31_PRJNA509910.json,su004,,,,,,"PRJNA509910-su004_post-TRB, PRJNA509910-su004_post-TRB-CLONE, PRJNA509910-su004_pre-TRB, PRJNA509910-su004_pre-TRB-CLONE"
P31_I5_S1,P31_PRJNA509910.json,su005,,,,,,"PRJNA509910-su005_post-TRB, PRJNA509910-su005_post-TRB-CLONE, PRJNA509910-su005_pre-TRB, PRJNA509910-su005_pre-TRB-CLONE"
P31_I6_S1,P31_PRJNA509910.json,su006,,,,,,"PRJNA509910-su006_post-TRB, PRJNA509910-su006_post-TRB-CLONE, PRJNA509910-su006_pre-TRB, PRJNA509910-su006_pre-TRB-CLONE"
P31_I7_S1,P31_PRJNA509910.json,su007,,,,,,"PRJNA509910-su007_post-TRB, PRJNA509910-su007_post-TRB-CLONE, PRJNA509910-su007_pre-TRB, PRJNA509910-su007_pre-TRB-CLONE"
P31_I8_S1,P31_PRJNA509910.json,su008,,,,,,"PRJNA509910-su008_post-TRB, PRJNA509910-su008_post-TRB-CLONE, PRJNA509910-su008_pre-TRB, PRJNA509910-su008_pre-TRB-CLONE"
P31_I9_S1,P31_PRJNA509910.json,su009,,,,,,"PRJNA509910-su009_post-TRB, PRJNA509910-su009_post-TRB-CLONE, PRJNA509910-su009_pre-TRB, PRJNA509910-su009_pre-TRB-CLONE"
P31_I10_S1,P31_PRJNA509910.json,su010,,,,,,"PRJNA509910-su010_post_BCC-TRB, PRJNA509910-su010_post_BCC-TRB-CLONE, PRJNA509910-su010_post_SCC-TRB, PRJNA509910-su010_post_SCC-TRB-CLONE, PRJNA509910-su010_post_SCC_CD39-TRB, PRJNA509910-su010_post_SCC_CD39-TRB-CLONE, PRJNA509910-su010_pre_BCC-TRB, PRJNA509910-su010_pre_BCC-TRB-CLONE, PRJNA509910-su010_pre_SCC_rep1-TRB, PRJNA509910-su010_pre_SCC_rep1-TRB-CLONE, PRJNA509910-su010_pre_SCC_rep2-TRB, PRJNA509910-su010_pre_SCC_rep2-TRB-CLONE"
P31_I11_S1,P31_PRJNA509910.json,su011,,,,,,"PRJNA509910-su011_post-TRB, PRJNA509910-su011_post-TRB-CLONE, PRJNA509910-su011_pre_rep1-TRB, PRJNA509910-su011_pre_rep1-TRB-CLONE, PRJNA509910-su011_pre_rep2-TRB, PRJNA509910-su011_pre_rep2-TRB-CLONE"
P31_I12_S1,P31_PRJNA509910.json,su012,,,,,,"PRJNA509910-su012_post-TRB, PRJNA509910-su012_post-TRB-CLONE, PRJNA509910-su012_pre-TRB, PRJNA509910-su012_pre-TRB-CLONE"
P31_I13_S1,P31_PRJNA509910.json,su013,,,,,,"PRJNA509910-su013_post-TRB, PRJNA509910-su013_post-TRB-CLONE, PRJNA509910-su013_pre-TRB, PRJNA509910-su013_pre-TRB-CLONE"
P31_I14_S1,P31_PRJNA509910.json,su014,,,,,,"PRJNA509910-su014_post-TRB, PRJNA509910-su014_post-TRB-CLONE, PRJNA509910-su014_pre-TRB, PRJNA509910-su014_pre-TRB-CLONE"
P32_I1_S1,P32_PRJNA724733.json,P1,,54.6,,54.6,female,"5636729785891754476-242ac114-0001-012, 5639564464307114476-242ac114-0001-012"
P32_I2_S1,P32_PRJNA724733.json,P2,,55,,55,female,"5639092022199521772-242ac114-0001-012, 5632563667614634476-242ac114-0001-012"
P32_I3_S1,P32_PRJNA724733.json,P3,,35.7,,35.7,female,"5633895107476394476-242ac114-0001-012, 5636343238835114476-242ac114-0001-012"
P32_I4_S1,P32_PRJNA724733.json,P4,,25.8,,25.8,female,"5635011798973354476-242ac114-0001-012, 5625734669613994476-242ac114-0001-012"
P32_I5_S1,P32_PRJNA724733.json,P5,,55.7,,55.7,female,"5637416980659114476-242ac114-0001-012, 5639607413980074476-242ac114-0001-012"
P32_I6_S1,P32_PRJNA724733.json,P6,,57.3,,57.3,female,"5639693313325994476-242ac114-0001-012, 5646780009364394476-242ac114-0001-012, 5641110652533674476-242ac114-0001-012, 5636729790186721772-242ac114-0001-012"
P32_I7_S1,P32_PRJNA724733.json,P7,,43,,43,female,"5628053951953834476-242ac114-0001-012, 5636600936872874476-242ac114-0001-012, 5639993961036714476-242ac114-0001-012, 5626464814054314476-242ac114-0001-012"
P32_I8_S1,P32_PRJNA724733.json,P8,,57.8,,57.8,female,"5638576621829034476-242ac114-0001-012, 5639092017904554476-242ac114-0001-012"
P33_I1_S1,P33_PRJNA680539.json,7337222442829934100-242ac117-0001-012,,54,,54,female,
P33_I2_S1,P33_PRJNA680539.json,7341989856528494100-242ac117-0001-012,,61,,61,female,
P33_I3_S1,P33_PRJNA680539.json,7341388561107054100-242ac117-0001-012,,50,,50,female,
P33_I4_S1,P33_PRJNA680539.json,7347702163032174100-242ac117-0001-012,,27,,27,female,
P33_I5_S1,P33_PRJNA680539.json,7343020648679534100-242ac117-0001-012,,70,,70,male,
P33_I6_S1,P33_PRJNA680539.json,7342720000968814100-242ac117-0001-012,,51,,51,female,
P33_I7_S1,P33_PRJNA680539.json,7344480937560174100-242ac117-0001-012,,58,,58,male,
P33_I8_S1,P33_PRJNA680539.json,7341989852233526804-242ac117-0001-012,,27,,27,male,
P33_I9_S1,P33_PRJNA680539.json,7333228123244654100-242ac117-0001-012,,33,,33,female,
P33_I10_S1,P33_PRJNA680539.json,7340314819283054100-242ac117-0001-012,,62,,62,female,
P33_I11_S1,P33_PRJNA680539.json,7343106543730486804-242ac117-0001-012,,28,,28,female,
P33_I12_S1,P33_PRJNA680539.json,7347959861069934100-242ac117-0001-012,,40,,40,male,
P33_I13_S1,P33_PRJNA680539.json,7341861007509614100-242ac117-0001-012,,69,,69,male,
P33_I14_S1,P33_PRJNA680539.json,7337308342175854100-242ac117-0001-012,,76,,76,male,
P33_I15_S1,P33_PRJNA680539.json,7343106548025454100-242ac117-0001-012,,53,,53,male,
P33_I16_S1,P33_PRJNA680539.json,7347916911396974100-242ac117-0001-012,,68,,68,female,
P33_I17_S1,P33_PRJNA680539.json,7347616263686254100-242ac117-0001-012,,27,,27,female,
P33_I18_S1,P33_PRJNA680539.json,7339584674842734100-242ac117-0001-012,,27,,27,female,
P33_I19_S1,P33_PRJNA680539.json,7340658416666734100-242ac117-0001-012,,35,,35,female,
P33_I20_S1,P33_PRJNA680539.json,7342677051295854100-242ac117-0001-012,,41,,41,female,
