subject	gene	TRBJ1-6_01	TRBJ1-6_02	alleles	proirs_row	proirs_col	counts1	k1	counts2	k2	counts3	k3	counts4	k4	TOTAL
hemC_9	TRBV20-1	bp01,bp04_322GA323	bp01,bp04_322GA323	bp01,bp04_322GA323	0.32,0.68	0.47,0.53	2,6	2.04737381837885	6,3	2.58462012586267	NA	NA	NA	NA	722
hemC_9	TRBV27	bp01	bp01	bp01	0.32,0.68	1	10,22	11.5464492476671	NA	NA	NA	NA	NA	NA	722
hemC_9	TRBV19	bp01	bp01	bp01	0.32,0.68	1	17,51	17.4026774562202	NA	NA	NA	NA	NA	NA	722
hemC_9	TRBV6-5	bp01	bp01	bp01	0.32,0.68	1	19,33	23.3787917419175	NA	NA	NA	NA	NA	NA	722
hemC_9	TRBV18	bp01	bp01	bp01	0.32,0.68	1	6,22	5.48733137725012	NA	NA	NA	NA	NA	NA	722
hemC_9	TRBV5-6	bp01	bp01	bp01	0.32,0.68	1	6,53	0.412708273630407	NA	NA	NA	NA	NA	NA	722
hemC_9	TRBV12-34	bp01	bp01	bp01	0.32,0.68	1	21,65	21.1700300540347	NA	NA	NA	NA	NA	NA	722
hemC_9	TRBV5-1	bp01	bp01	bp01	0.32,0.68	1	3,10	2.90736320809666	NA	NA	NA	NA	NA	NA	722
hemC_9	TRBV14	bp01,bp02_322CAAGA326	bp01,bp02_322CAAGA326	bp01,bp02_322CAAGA326	0.32,0.68	0.33,0.67	1,1	1.35108194813263	1,3	1.02368690918942	NA	NA	NA	NA	722
hemC_9	TRBV7-9	bp01	bp01	bp01	0.32,0.68	1	7,2	0.254454365373218	NA	NA	NA	NA	NA	NA	722
hemC_9	TRBV30	bp01	bp01	bp01	0.32,0.68	1	44,46	59.1202106788925	NA	NA	NA	NA	NA	NA	722
hemC_9	TRBV11-3	bp01	bp01	bp01	0.32,0.68	1	13,30	14.7812074947069	NA	NA	NA	NA	NA	NA	722
hemC_9	TRBV6-4	bp01	bp01	bp01	0.32,0.68	1	8,14	9.82647046823142	NA	NA	NA	NA	NA	NA	722
hemC_9	TRBV6-1	bp01	bp01	bp01	0.32,0.68	1	14,13	17.0745234195458	NA	NA	NA	NA	NA	NA	722
hemC_9	TRBV7-6	bp01	bp01	bp01	0.32,0.68	1	2,4	2.37476885732205	NA	NA	NA	NA	NA	NA	722
hemC_9	TRBV24-1	bp01	bp01,bp02	bp01,bp02	0.32,0.68	0.38,0.62	1,2	1.18738442866103	0,5	0.818487597358019	NA	NA	NA	NA	722
hemC_9	TRBV5-4	bp01	bp01	bp01	0.32,0.68	1	7,20	7.32950588379756	NA	NA	NA	NA	NA	NA	722
hemC_9	TRBV29-1	bp01	bp01	bp01	0.32,0.68	1	4,13	3.93105011728609	NA	NA	NA	NA	NA	NA	722
hemC_9	TRBV13	bp01	bp01	bp01	0.32,0.68	1	5,7	6.42801470171994	NA	NA	NA	NA	NA	NA	722
hemC_9	TRBV6-6	bp01	bp01	bp01	0.32,0.68	1	5,5	6.75540974066315	NA	NA	NA	NA	NA	NA	722
hemC_9	TRBV4-2	bp01	bp01	bp01	0.32,0.68	1	1,7	0.368896831303008	NA	NA	NA	NA	NA	NA	722
hemC_9	TRBV15	bp02	bp02	bp02	0.32,0.68	1	5,20	4.29994694858909	NA	NA	NA	NA	NA	NA	722
hemC_9	TRBV10-3	bp02_313GCCATCAGTGAGTC326	Unk	bp02_313GCCATCAGTGAGTC326	0.32,0.68	1	7,1	1.58616948893782	NA	NA	NA	NA	NA	NA	722
hemC_9	TRBV5-5	Unk	bp01	bp01	0.32,0.68	1	1,24	2.41396099971426	NA	NA	NA	NA	NA	NA	722
hemC_9	TRBV7-4	bp01	Unk	bp01	0.32,0.68	1	2,0	0.979083812356817	NA	NA	NA	NA	NA	NA	722
hemC_9	TRBV10-1	Unk	bp01	bp01	0.32,0.68	1	0,2	0.327395038943208	NA	NA	NA	NA	NA	NA	722
hemC_9	TRBV11-1	Unk	bp01	bp01	0.32,0.68	1	0,2	0.327395038943208	NA	NA	NA	NA	NA	NA	722
hemC_9	TRBV11-2	bp03	bp01	bp01,bp03	0.32,0.68	0.33,0.67	0,1	0.163697519471604	2,0	0.979083812356817	NA	NA	NA	NA	722
hemC_9	TRBV5-7	Unk	bp01	bp01	0.32,0.68	1	0,1	0.163697519471604	NA	NA	NA	NA	NA	NA	722
hemC_9	TRBV7-2	bp02	Unk	bp02	0.32,0.68	1	5,1	0.607085676581004	NA	NA	NA	NA	NA	NA	722
hemC_9	TRBV9	bp01	Unk	bp01	0.32,0.68	1	1,0	0.489541906178408	NA	NA	NA	NA	NA	NA	722
hemC_9	TRBV21-1	bp01	Unk	bp01	0.32,0.68	1	1,0	0.489541906178408	NA	NA	NA	NA	NA	NA	722
hemC_9	TRBV2	bp01	Unk	bp01	0.32,0.68	1	1,0	0.489541906178408	NA	NA	NA	NA	NA	NA	722
hemC_9	TRBV6-23	bp01	bp01	bp01	0.32,0.68	1	1,1	1.35108194813263	NA	NA	NA	NA	NA	NA	722
hemC_9	TRBV5-3	Unk	bp01	bp01	0.32,0.68	1	0,2	0.327395038943208	NA	NA	NA	NA	NA	NA	722
hemC_9	TRBV6-9	Unk	bp01	bp01	0.32,0.68	1	0,1	0.163697519471604	NA	NA	NA	NA	NA	NA	722
hemC_9	TRBV1	Unk	Unk	NA	NA	NA	NA	NA	NA	NA	NA	NA	NA	NA	722
hemC_9	TRBV10-2	Unk	Unk	NA	NA	NA	NA	NA	NA	NA	NA	NA	NA	NA	722
hemC_9	TRBV12-5	Unk	Unk	NA	NA	NA	NA	NA	NA	NA	NA	NA	NA	NA	722
hemC_9	TRBV16	Unk	Unk	NA	NA	NA	NA	NA	NA	NA	NA	NA	NA	NA	722
hemC_9	TRBV23-1	Unk	Unk	NA	NA	NA	NA	NA	NA	NA	NA	NA	NA	NA	722
hemC_9	TRBV25-1	Unk	Unk	NA	NA	NA	NA	NA	NA	NA	NA	NA	NA	NA	722
hemC_9	TRBV26	Unk	Unk	NA	NA	NA	NA	NA	NA	NA	NA	NA	NA	NA	722
hemC_9	TRBV28	Unk	Unk	NA	NA	NA	NA	NA	NA	NA	NA	NA	NA	NA	722
hemC_9	TRBV3-1	Unk	Unk	NA	NA	NA	NA	NA	NA	NA	NA	NA	NA	NA	722
hemC_9	TRBV3-2	Unk	Unk	NA	NA	NA	NA	NA	NA	NA	NA	NA	NA	NA	722
hemC_9	TRBV4-1	Unk	Unk	NA	NA	NA	NA	NA	NA	NA	NA	NA	NA	NA	722
hemC_9	TRBV4-3	Del	Del	Del	NA	NA	NA	1000	NA	NA	NA	NA	NA	NA	722
hemC_9	TRBV5-8	Unk	Unk	NA	NA	NA	NA	NA	NA	NA	NA	NA	NA	NA	722
hemC_9	TRBV6-7	Unk	Unk	NA	NA	NA	NA	NA	NA	NA	NA	NA	NA	NA	722
hemC_9	TRBV6-8	Unk	Unk	NA	NA	NA	NA	NA	NA	NA	NA	NA	NA	NA	722
hemC_9	TRBV7-1	Unk	Unk	NA	NA	NA	NA	NA	NA	NA	NA	NA	NA	NA	722
hemC_9	TRBV7-3	Unk	Unk	NA	NA	NA	NA	NA	NA	NA	NA	NA	NA	NA	722
hemC_9	TRBV7-7	Unk	Unk	NA	NA	NA	NA	NA	NA	NA	NA	NA	NA	NA	722
hemC_9	TRBV7-8	Unk	Unk	NA	NA	NA	NA	NA	NA	NA	NA	NA	NA	NA	722
