"gene"	"alleles"	"counts"	"total"	"note"	"kh"	"kd"	"kt"	"kq"	"k_diff"	"GENOTYPED_ALLELES"	"Freq_by_Clone"	"Freq_by_Seq"
"IGHV1-2"	"02,06,04,07"	"620,1,0,0"	"621"	""	"1.27810266190456"	"-132.883867519939"	"-239.918855416331"	"-1000"	"134.161970181843"	"02"	"619"	"37086"
"IGHV1/OR15-2"	"02"	"3"	"3"	""	"2.04104534949921"	"1.38407073318359"	"0.866432798310491"	"0.273001272063738"	"0.656974616315627"	"02"	"0"	"0"
"IGHV1-3"	NA	NA	NA	NA	NA	NA	NA	NA	"1000"	"Deletion"	NA	NA
"IGHV1-8"	"01,02,03"	"510,15,1"	"526"	""	"0.731470286568282"	"-86.7624566362922"	"-174.193152556034"	"-277.196449309929"	"87.4939269228605"	"01"	"526"	"10911"
"IGHV1-18"	"01,04,03"	"336,316,2"	"654"	""	"-1000"	"-1.21593811400305"	"-74.2095486048216"	"-185.333891828142"	"72.9936104908186"	"01,04"	"337;313"	"14718;13012"
"IGHV1-24"	"01"	"484"	"484"	""	"1.90731565926853"	"-104.084589106319"	"-187.596842599178"	"-283.337128833655"	"105.991904765588"	"01"	"484"	"7776"
"IGHV1-45"	"02"	"71"	"71"	""	"4.6873375246369"	"-10.8610617281663"	"-23.1118261868295"	"-37.1563723080026"	"15.5483992528032"	"02"	"71"	"158"
"IGHV1-46"	"01,03,04,02"	"603,5,2,1"	"611"	""	"4.44893265114611"	"-119.539045944696"	"-221.036730938009"	"-1000"	"123.987978595842"	"01"	"611"	"16918"
"IGHV1-58"	"02,01"	"345,1"	"346"	""	"3.76114880212291"	"-70.1781482174544"	"-129.762992083813"	"-198.148946754986"	"73.9392970195774"	"02"	"345"	"2935"
"IGHV1-69"	"04,08_C191T,09,10"	"323,243,54,2"	"621"	""	"-1000"	"-27.5129313588548"	"-20.5616910528787"	"-115.967522812379"	"6.95124030597606"	"04,08_C191T,09"	"306;236;52"	"18313;12219;3420"
"IGHV2-5"	"02,01,08,05"	"217,167,5,1"	"390"	""	"-217.684009593218"	"4.12973056548055"	"-35.670266427878"	"-100.782141995433"	"39.7999969933586"	"02,01"	"222;168"	"3451;2796"
"IGHV2-26"	"01,03"	"304,0"	"304"	""	"3.59272212439952"	"-62.9807056622507"	"-115.434683062724"	"-175.569077722395"	"66.5734277866502"	"01"	"304"	"4660"
"IGHV2-70"	"15,15_G303A,04,02"	"134,56,4,2"	"202"	""	"-58.9962165691568"	"1.97481321171712"	"-18.6494104207349"	"-50.2405044537505"	"20.6242236324521"	"15,15_G303A"	"196;56"	"1107;124"
"IGHV2-70D"	NA	NA	NA	NA	NA	NA	NA	NA	"1000"	"Deletion"	NA	NA
"IGHV3-7"	"01,03,04"	"357,49,10"	"416"	""	"-32.3733841133757"	"-31.5269544756683"	"-81.7437216875283"	"-159.287201797919"	"0.846429637707431"	"01,03"	"366;49"	"9654;772"
"IGHV3-9"	"01,03,02"	"628,4,2"	"634"	""	"3.44604525629725"	"-127.629505665562"	"-233.384358760198"	"-1000"	"131.075550921859"	"01"	"632"	"13472"
"IGHV3-11"	"01,06,04,05"	"335,216,87,34"	"672"	""	"-1000"	"-75.4124804309361"	"-22.3126747706993"	"-70.9971983746163"	"48.684523603917"	"01,06,04"	"334;249;87"	"7072;5100;1406"
"IGHV3-13"	"01,05"	"229,140"	"369"	""	"-172.583987348821"	"3.05669021318225"	"-44.3637286488067"	"-109.448416543815"	"47.4204188619889"	"01,05"	"229;140"	"1094;601"
"IGHV3-15"	"01,05,02,04"	"562,3,0,0"	"565"	""	"2.54120788409669"	"-115.693685335538"	"-212.833969202955"	"-1000"	"118.234893219635"	"01"	"565"	"9507"
"IGHV3-20"	"04_T279C_C288T_C300T_T301G,01,04,02"	"79,55,39,0"	"173"	""	"-106.673830073279"	"-35.2710495166715"	"3.1753041918143"	"-20.224829403156"	"23.4001335949703"	"04_T279C_C288T_C300T_T301G,01,04"	"53;55;79"	"63;489;28"
"IGHV3-21"	"01,04,05,02"	"602,63,36,0"	"702"	""	"-49.0966693854351"	"-79.3241927527609"	"-135.816156582017"	"-263.801819475043"	"30.2275233673258"	"01"	"661"	"21511"
"IGHV3-23"	"01,04,03"	"410,407,1"	"818"	""	"-1000"	"-5.50600184918284"	"-97.8227914731814"	"-236.446065248401"	"92.3167896239985"	"01,04"	"0;403"	"0;28139"
"IGHV3-23D"	"01"	"412"	"412"	""	"2.61366869684057"	"-87.6108452771722"	"-158.699788333077"	"-240.197717937631"	"90.2245139740128"	"01"	"0"	"0"
"IGHV3-30"	"18,04,03_T288C,03_T189C_T201C"	"640,393,150,39"	"1283"	""	"-1000"	"-114.970783774084"	"-35.3513805740336"	"-162.308502651491"	"79.6194032000504"	"18,04,03_T288C"	"0;0;149"	"0;0;1773"
"IGHV3-30-3"	"01,03,02_G75C,02"	"468,400,111,2"	"980"	""	"-1000"	"-75.917986149812"	"-22.2000047462332"	"-168.477037263373"	"53.7179814035788"	"01,03,02_G75C"	"463;0;92"	"19733;0;3202"
"IGHV3-30-5"	"01,02"	"661,1"	"662"	""	"0.867718697049826"	"-142.27290457444"	"-256.382277580764"	"-1000"	"143.14062327149"	"01"	"0"	"0"
"IGHV3-33"	"06,01,08,03"	"250,95,18,3"	"369"	""	"-105.60127033414"	"-7.1346886387339"	"-30.1673917634996"	"-88.8013684224811"	"23.0327031247657"	"06,01"	"240;115"	"4731;1511"
"IGHV3-43"	"01,02"	"328,3"	"331"	""	"4.12409065805229"	"-62.8667824889637"	"-119.631307436279"	"-184.937141764314"	"66.990873147016"	"01"	"329"	"2048"
"IGHV3-43D"	NA	NA	NA	NA	NA	NA	NA	NA	"1000"	"Deletion"	NA	NA
"IGHV3-48"	"04,01,03,02"	"377,277,1,0"	"655"	""	"-1000"	"1.96195468448792"	"-77.3182413820883"	"-191.040978505052"	"79.2801960665762"	"04,01"	"368;275"	"7614;5587"
"IGHV3-49"	"03,05,04,01"	"428,7,5,0"	"440"	""	"4.16524437108629"	"-78.2736472262383"	"-145.443828686613"	"-231.096030500725"	"82.4388915973246"	"03"	"438"	"3653"
"IGHV3-53"	"02,04,04_C300T,04_T267G_T288C_G303A"	"152,124,63,39"	"422"	""	"-246.128289691823"	"-79.4298053519012"	"-23.51716126808"	"-15.9252129738158"	"7.5919482942642"	"02,04,04_C300T,04_T267G_T288C_G303A"	"186;232;56;55"	"1810;1728;303;406"
"IGHV3-64"	"01,04_A210C,04"	"192,90,4"	"286"	""	"-100.826167363593"	"2.2780042969828"	"-30.2742521787323"	"-80.9734936102067"	"32.5522564757151"	"01,04_A210C"	"192;101"	"1621;573"
"IGHV3-64D"	"06,09,08"	"228,1,0"	"229"	""	"4.53530180616218"	"-43.7819851771057"	"-83.1789495834133"	"-128.421074730963"	"48.3172869832679"	"06"	"220"	"2212"
"IGHV3-66"	"01,02,04,03"	"323,187,16,2"	"528"	""	"-230.048539732492"	"0.807774450782391"	"-42.8470165327955"	"-130.338415735694"	"43.6547909835779"	"01,02"	"309;179"	"5051;2758"
"IGHV3-69-1"	"01"	"9"	"9"	""	"3.00616624156061"	"1.03524239261373"	"-0.517671412005554"	"-2.29796599074581"	"1.97092384894688"	"01"	"7"	"9"
"IGHV3-71"	"04,03,02"	"5,1,0"	"6"	""	"1.3999886199497"	"1.91781478281006"	"0.998603535402451"	"-0.131778161138606"	"0.517826162860357"	"04,03"	"3;1"	"4;1"
"IGHV3-72"	"01"	"230"	"230"	""	"4.17270381709746"	"-46.1953501004339"	"-85.8809251073712"	"-131.377342119622"	"50.3680539175314"	"01"	"230"	"841"
"IGHV3-73"	"01,02"	"403,2"	"405"	""	"3.58459821695276"	"-81.4434241946737"	"-151.092416157864"	"-231.092709489271"	"85.0280224116264"	"01"	"405"	"3071"
"IGHV3-74"	"01,01_T279C,01_T279C_C288T,02"	"402,123,77,37"	"641"	""	"-193.122648769969"	"-82.7848329797351"	"-50.1425752411279"	"-94.6918716772382"	"32.6422577386072"	"01,01_T279C,01_T279C_C288T"	"617;201;77"	"5093;678;362"
"IGHV3-NL1"	"01"	"140"	"140"	""	"4.67716832224416"	"-25.9816471058184"	"-50.1380840665628"	"-77.8315552914113"	"30.6588154280626"	"01"	"134"	"203"
"IGHV4-4"	"07,08,02,09"	"590,19,7,4"	"620"	""	"1.66466683244037"	"-96.8974477652912"	"-189.867907284301"	"-303.601467957412"	"98.5621145977316"	"07"	"598"	"14251"
"IGHV4/OR15-8"	"01"	"7"	"7"	""	"2.76834873781831"	"1.23540796641518"	"0.0275861183779563"	"-1.35708744286447"	"1.53294077140313"	"01"	"4"	"10"
"IGHV4-28"	NA	NA	NA	NA	NA	NA	NA	NA	"1000"	"Deletion"	NA	NA
"IGHV4-30-4"	"01_C315G,01,08,03"	"218,211,9,2"	"440"	""	"-291.75130192541"	"0.805936390185748"	"-35.9918928514883"	"-106.105088302866"	"36.7978292416741"	"01_C315G,01"	"220;430"	"2478;5283"
"IGHV4-31"	"03,01,11,02"	"634,5,1,0"	"640"	""	"3.00870839557948"	"-127.768007902191"	"-236.029591570496"	"-1000"	"130.77671629777"	"03"	"655"	"27999"
"IGHV4-34"	"01,11,09,10"	"626,20,4,1"	"651"	""	"0.431708799254485"	"-104.401317337545"	"-207.884833474896"	"-1000"	"104.833026136799"	"01"	"639"	"19285"
"IGHV4-38-2"	NA	NA	NA	NA	NA	NA	NA	NA	"1000"	"Deletion"	NA	NA
"IGHV4-39"	"07,01"	"729,9"	"738"	""	"1.4188487740726"	"-143.710928280147"	"-270.005278657881"	"-1000"	"145.12977705422"	"07"	"755"	"33563"
"IGHV4-59"	"01,08,12,12_G291A"	"395,103,88,50"	"659"	""	"-192.677642819643"	"-113.062563392401"	"-62.518149859029"	"-84.4615361543468"	"21.9433862953178"	"01,08,12"	"402;144;110"	"28331;9604;6555"
"IGHV4-61"	"02,08,05,01"	"569,39,29,26"	"670"	""	"-30.0134211749897"	"-91.7210363241173"	"-151.068243762706"	"-232.344953152661"	"61.7076151491275"	"02"	"601"	"16613"
"IGHV5-10-1"	"03,01,04"	"414,44,0"	"458"	""	"-24.2973338894072"	"-43.9973412452954"	"-117.91655591969"	"-206.028589264787"	"19.7000073558881"	"03"	"458"	"12822"
"IGHV5-51"	"01,03,06,07"	"373,181,4,2"	"560"	""	"-208.306441311423"	"1.92359279293915"	"-66.9992891451254"	"-163.533238868691"	"68.9228819380646"	"01,03"	"374;184"	"14857;7309"
"IGHV6-1"	"01,01_A315G"	"199,161"	"360"	""	"-213.471838621711"	"2.60704609456271"	"-40.8231018936967"	"-102.941386734963"	"43.4301479882594"	"01,01_A315G"	"355;159"	"3649;821"
"IGHV7-4-1"	NA	NA	NA	NA	NA	NA	NA	NA	"1000"	"Deletion"	NA	NA
"IGHV7-81"	"01"	"1"	"1"	""	"1.36749927619547"	"1.14850773742359"	"0.975961759132561"	"0.778151250383644"	"0.218991538771876"	"01"	"1"	"4"
"IGHD1-1"	NA	NA	NA	NA	NA	NA	NA	NA	"1000"	"Deletion"	NA	NA
"IGHD1-7"	"01"	"284"	"284"	""	"3.75889458328847"	"-80.5184455591681"	"-163.61594474727"	"-163.61594474727"	"84.2773401424566"	"01"	"284"	"7305"
"IGHD1-14"	"01"	"79"	"79"	""	"4.72114358247948"	"-18.7222010346123"	"-41.8373504566547"	"-41.8373504566547"	"23.4433446170918"	"01"	"79"	"2512"
"IGHD1-20"	"01"	"43"	"43"	""	"4.41280850474916"	"-8.34749299569321"	"-20.9291566051593"	"-20.9291566051593"	"12.7603015004424"	"01"	"43"	"1075"
"IGHD1-26"	"01"	"1108"	"1108"	""	"4.74840738606873"	"-28.1316253173967"	"-60.5513538738814"	"-60.5513538738814"	"32.8800327034655"	"01"	"1108"	"29164"
"IGHD2-2"	"02,01,03"	"165,18,17"	"200"	""	"-16.9724311441409"	"-35.2001155923545"	"-64.6907882241133"	"-64.6907882241133"	"18.2276844482137"	"02"	"165"	"27000"
"IGHD2-8"	"01,02"	"218,38"	"256"	""	"-26.6445509575016"	"-26.448645361046"	"-101.353433361588"	"-101.353433361588"	"0.19590559645561"	"01,02"	"218;38"	"5395;969"
"IGHD2-15"	"01"	"1027"	"1027"	""	"-4.0179428709464"	"-308.78142289314"	"-1000"	"-1000"	"304.763480022193"	"01"	"1027"	"29051"
"IGHD2-21"	"01,02"	"228,166"	"394"	""	"-214.845004191706"	"0.952371968438592"	"-114.330778313646"	"-114.330778313646"	"115.283150282085"	"01,02"	"228;166"	"5860;4651"
"IGHD3-3"	"01,02"	"1353,32"	"1385"	""	"4.22042414502605"	"-30.4657883382013"	"-70.9904490338072"	"-70.9904490338072"	"34.6862124832274"	"01"	"1353"	"41576"
"IGHD3-9"	"01"	"690"	"690"	""	"-0.250938829692534"	"-205.00926523214"	"-1000"	"-1000"	"204.758326402447"	"01"	"690"	"18141"
"IGHD3-10"	"01,02"	"1757,26"	"1783"	""	"4.56790657660701"	"-43.1315963987412"	"-95.3016108538065"	"-95.3016108538065"	"47.6995029753482"	"01"	"1757"	"52761"
"IGHD3-16"	"02,01"	"334,37"	"371"	""	"-20.0393358991127"	"-55.974139410181"	"-164.527562645342"	"-164.527562645342"	"35.9348035110683"	"02"	"334"	"18528"
"IGHD3-22"	"01"	"1815"	"1815"	""	"4.4836735666967"	"-49.3766688130775"	"-102.482993118149"	"-102.482993118149"	"53.8603423797742"	"01"	"1815"	"47854"
"IGHD4-17"	"01"	"1274"	"1274"	""	"4.71627248470549"	"-33.0898301003261"	"-70.366666003721"	"-70.366666003721"	"37.8061025850316"	"01"	"1274"	"36149"
"IGHD4-23"	"01"	"393"	"393"	""	"2.79398605553546"	"-113.829234634554"	"-228.819788088512"	"-228.819788088512"	"116.62322069009"	"01"	"393"	"10493"
"IGHD5-12"	"01"	"679"	"679"	""	"-0.131984186181636"	"-201.626047414097"	"-1000"	"-1000"	"201.494063227916"	"01"	"679"	"18717"
"IGHD5-24"	"01"	"468"	"468"	""	"2.06709174622704"	"-136.812468770215"	"-273.747784333707"	"-273.747784333707"	"138.879560516443"	"01"	"468"	"11854"
"IGHD6-6"	"01"	"871"	"871"	""	"-2.24907980328338"	"-260.719372986663"	"-1000"	"-1000"	"258.470293183379"	"01"	"871"	"24579"
"IGHD6-13"	"01"	"1842"	"1842"	""	"4.46838245532074"	"-50.1931881582022"	"-104.089523899217"	"-104.089523899217"	"54.6615706135229"	"01"	"1842"	"49519"
"IGHD6-19"	"01"	"1517"	"1517"	""	"4.63159804945742"	"-40.3855586393125"	"-84.7724974661964"	"-84.7724974661964"	"45.0171566887699"	"01"	"1517"	"42113"
"IGHD6-25"	NA	NA	NA	NA	NA	NA	NA	NA	"1000"	"Deletion"	NA	NA
"IGHD7-27"	"01"	"117"	"117"	""	"4.73931024935818"	"-29.9805798797525"	"-64.2144087706253"	"-64.2144087706253"	"34.7198901291106"	"01"	"117"	"3367"
"IGHJ1"	"01"	"261"	"261"	""	"3.94203796696744"	"-73.5100246287409"	"-149.877796769919"	"-149.877796769919"	"77.4520625957083"	"01"	"261"	"6684"
"IGHJ2"	"01"	"567"	"567"	""	"1.05765101012849"	"-167.2002780771"	"-1000"	"-1000"	"168.257929087228"	"01"	"567"	"15517"
"IGHJ3"	"02,01"	"2823,15"	"2838"	""	"4.3093513379534"	"-76.9021565042923"	"-159.941136326768"	"-159.941136326768"	"81.2115078422457"	"02"	"2823"	"79230"
"IGHJ4"	"02,03,01"	"9497,9,7"	"9513"	""	"-1.53849050499369"	"-281.826289787671"	"-1000"	"-1000"	"280.287799282677"	"02"	"9497"	"260182"
"IGHJ5"	"02"	"2932"	"2932"	""	"3.68319578639604"	"-83.3242553747598"	"-169.113645381631"	"-169.113645381631"	"87.0074511611559"	"02"	"2932"	"85645"
"IGHJ6"	"02,03,04,01"	"2943,2211,111,4"	"5269"	""	"-289.702924268072"	"0.506964188572802"	"-134.02524752648"	"-134.02524752648"	"134.532211715052"	"02,03"	"2943;2211"	"78940;64255"
"IGHV1-69-2"	NA	NA	NA	NA	NA	NA	NA	NA	"1000"	"Deletion"	NA	NA
"IGHV4-30-2"	NA	NA	NA	NA	NA	NA	NA	NA	"1000"	"Deletion"	NA	NA
"IGHD4-11"	NA	NA	NA	NA	NA	NA	NA	NA	"1000"	"Deletion"	NA	NA
"IGHD5-18"	NA	NA	NA	NA	NA	NA	NA	NA	"1000"	"Deletion"	NA	NA
